,0 uM,0 uM ,0 uM,0.1 uM,0.1 uM ,0.1 uM ,1 uM,1 uM ,1 uM ,10 uM,10 uM ,10 uM ,100 uM,100 uM ,100 uM ,500 uM ,500 uM ,500 uM 
300,286,-177.5,286,210,375,403.5,565.5,248,471.5,154.5,364,261,311.5,488,136.5,-304.5,1930,120
301,366,148,366,284,363.5,450.5,491,361.5,525.5,343.5,406,449,412,566,273.5,-48.5,1540.5,307.5
302,377.5,300,377.5,418,451,496.5,520.5,408,537,386.5,485,511,494,590,447.5,213,1131,467
303,486,480,486,495.5,457.5,485,591,469,554.5,499.5,564.5,533,630,719,599,417.5,872.5,801
304,618.5,587,618.5,581,557,678,606,619.5,658,595,662.5,646,718,823.5,748.5,640,780.5,906.5
305,589.5,724,589.5,699,629.5,784,726.5,693.5,778.5,696.5,793.5,717,889.5,905,870,775,876,1085.5
306,759.5,841.5,759.5,742.5,729,799.5,857,758.5,904,828,905.5,832.5,945,1030,960.5,944.5,964,1212
307,886,916,886,900,792,924,1045,868,983,930,988,937.5,1106,1208.5,1145,1098.5,1102.5,1277.5
308,954.5,1036,954.5,996,920,1045.5,1040.5,1015,1134,1018.5,1128,1053.5,1202.5,1293,1217,1144,1261.5,1424
309,1062,1196.5,1062,1074,1056,1195,1218,1114,1210.5,1157,1301,1204.5,1456.5,1444.5,1438.5,1353,1351,1666.5
310,1150,1300.5,1150,1215.5,1170.5,1371.5,1458,1296.5,1422,1291,1437.5,1312.5,1579,1696.5,1525,1492,1577.5,1894.5
311,1402,1491,1402,1418.5,1290.5,1519.5,1590.5,1421.5,1523,1482,1607.5,1470.5,1779.5,1781.5,1766.5,1662.5,1676,2190.5
312,1439,1647,1439,1587.5,1530.5,1699,1676.5,1541,1719.5,1626.5,1724,1678.5,1981.5,2096.5,1861.5,1881.5,1855,2346.5
313,1693.5,1873,1693.5,1739,1591.5,1858,1939.5,1723.5,1856.5,1869.5,1959.5,1859,2204.5,2209.5,2227.5,2054,2115.5,2544.5
314,1856,2006.5,1856,2024.5,1817.5,1972,2105,1976,2098,1985,2163.5,1969,2450,2453,2372.5,2315,2319.5,2806
315,2037,2225.5,2037,2073.5,1987.5,2240.5,2249.5,2154.5,2163,2240.5,2364.5,2207.5,2617,2772,2645,2563.5,2681,3170
316,2194.5,2386,2194.5,2363,2167,2464.5,2502.5,2262.5,2495,2438,2545,2465.5,2910.5,2919,2821.5,2764.5,2726,3418.5
317,2420.5,2695.5,2420.5,2477,2383.5,2660,2616.5,2534.5,2753.5,2670.5,2754,2684,3176,3182,3153.5,3043,2959,3798
318,2640,2771,2640,2695,2529,2897,2924.5,2735,2841,2826,2993.5,2922.5,3392,3492,3332,3229,3275.5,3969.5
319,2892.5,3046,2892.5,2957.5,2845,3141.5,3147,2855,3242,3095.5,3176.5,3095.5,3691.5,3679,3733.5,3480,3666,4325.5
320,3056,3166.5,3056,3024,2948.5,3451,3431,3098,3464,3230.5,3462,3333.5,3922,3944.5,3870,3842.5,3859,4676
321,3150.5,3218.5,3150.5,3375.5,3249,3515,3726,3327.5,3725,3460.5,3791.5,3652.5,4262,4325,4070.5,4132,4307,4982.5
322,3423,3539.5,3423,3567,3363,3762,3963,3635,3949.5,3711,3920,3835,4457,4502,4446.5,4373,4433,5304.5
323,3569.5,3599,3569.5,3684.5,3666.5,4058,4201.5,3677.5,4235.5,3880,4312,4118.5,4727,4903,4588.5,4459.5,4760.5,5621.5
324,3862.5,3923.5,3862.5,3963,3920,4252,4502,4027,4465,4319.5,4424.5,4450,4968.5,5096,4940,4826,5081.5,5892.5
325,4132,4102.5,4132,4210,4135.5,4690,4715,4360,4671,4547.5,4761.5,4731.5,5375,5369,5390,5195,5220.5,6441
326,4330,4388.5,4330,4478,4244.5,4835.5,5076.5,4709.5,4922.5,4814.5,5000.5,4883.5,5775,5794.5,5382,5628,5561.5,6542
327,4558,4672,4558,4825.5,4648,5219.5,5227.5,4904.5,5296.5,4902,5265,4998.5,5926,6064.5,5928,5808.5,5971.5,7101
328,4805.5,4968.5,4805.5,4995.5,4864,5387,5597,5102,5434.5,5387,5553,5456,6313.5,6571,6282.5,6239.5,6238,7554.5
329,5014,4991,5014,5282.5,4980.5,5656.5,5792.5,5430.5,5741,5668,5865.5,5651.5,6737,6711.5,6506.5,6383,6532.5,7765.5
330,5320.5,5406,5320.5,5675,5304.5,5945.5,6231.5,5613,6071.5,5910.5,6321,5952.5,7085.5,7216,6734.5,6864.5,6819.5,8323.5
331,5568,5648.5,5568,5924.5,5496.5,5980.5,6424.5,6043,6433,6331,6506.5,6166,7373.5,7269,7241,7054.5,7175.5,8677
332,5795,5875.5,5795,6093,5639,6272,6771.5,6220,6473,6570.5,6742,6423.5,7701,7672.5,7575,7585.5,7425.5,9076
333,6118,6187.5,6118,6443.5,5941,6735.5,6966.5,6472.5,6787,6730.5,6988,6820.5,7961.5,8053.5,7743.5,7834,7625,9400.5
334,6317.5,6119,6317.5,6684,6283.5,6979,7302,6724.5,7143.5,7064,7271,6965.5,8310.5,8309.5,8137,8110.5,8106,9679.5
335,6629.5,6605.5,6629.5,6999,6599.5,7187.5,7461.5,6896.5,7300.5,7359.5,7501.5,7216,8629.5,8695,8430,8524,8404.5,10245
336,6768.5,6822.5,6768.5,7262.5,6736,7491.5,7798.5,7204,7533,7514,7921.5,7507,9112.5,8878,8723,8568,8736.5,10409
337,6927,7084.5,6927,7496.5,6941,7739,7878.5,7399,7978,7736,8034.5,7621.5,9137.5,9291.5,8947.5,9005,9219,10561.5
338,7121.5,7240.5,7121.5,7699.5,7168,7830,8321,7662,8130,8053.5,8172,7912.5,9398,9550.5,9095.5,9326,9306,10876
339,7336.5,7497.5,7336.5,7887,7595.5,8284,8551,7818.5,8479,8427.5,8572,8151,9782.5,9847,9637,9482.5,9469,11230.5
340,7543,7634,7543,8185,7677.5,8229,8789,8079.5,8503,8605,8830,8386,10143.5,9991.5,9891,9878,9794,11606
341,7688.5,7880,7688.5,8289,7770,8444.5,8979.5,8364,8668.5,8790,8960.5,8609,10358,10332.5,9921,10099.5,10181,11915
342,7962.5,8168.5,7962.5,8556.5,8152.5,8854.5,9227.5,8539.5,8853,9035,9317,8879,10413,10546.5,10348,10389,10233.5,12376
343,8185.5,8317,8185.5,8850.5,8329.5,8970,9438.5,8917.5,9225,9195,9491.5,9186,10695.5,10650.5,10588.5,10737,10698,12464
344,8578,8428,8578,9015.5,8325,9180.5,9773.5,8999,9325.5,9375.5,9662,9313,11091.5,11068.5,10649.5,10748,10768.5,12840
345,8717.5,8790,8717.5,9258.5,8706,9496.5,9919.5,9336,9652.5,9689.5,9946.5,9587,11260.5,11318,10990,11065,11135.5,12995.5
346,8787.5,8904,8787.5,9405.5,8718,9739.5,10013,9470,9932,9922.5,10189,9715,11579.5,11438.5,11352,11476.5,11483.5,13353.5
347,8994.5,9040,8994.5,9744.5,8923,9788,10182,9644.5,9949,10148.5,10218,9969,11975.5,11736,11661,11617,11646,13578.5
348,9140,9293.5,9140,9901.5,9174,10071.5,10634.5,9892.5,10121,10226,10479,10224.5,11900.5,11716,11700.5,11764,11896,13776.5
349,9326.5,9357.5,9326.5,10092.5,9476.5,10109.5,10673.5,9849.5,10211,10532.5,10571.5,10161.5,12215,12169,12031,12039.5,12033,14169
350,9423.5,9614,9423.5,10350.5,9569,10317,10878,10139,10518.5,10742.5,10752.5,10377,12396,12226,12168.5,12266.5,12232.5,14286
351,9646.5,9616,9646.5,10356.5,9841,10475,10997.5,10245,10651,10772,10921.5,10562.5,12557,12572,12079,12551,12496.5,14366
352,9782,9829.5,9782,10571,9878,10626.5,11031,10305.5,10818.5,10838.5,11101,10801.5,12776,12673,12458,12691.5,12497,14585
353,9777.5,10221.5,9777.5,10620,9804,10809.5,11306.5,10445.5,10815,11053,11186.5,11031,12872,12697,12655.5,12704.5,12689,14961.5
354,10007.5,10223.5,10007.5,10680.5,10041,10866.5,11383,10614,11086.5,11258.5,11157.5,11078,12972,12855,12749,12821.5,12990.5,14997
355,10134.5,10366.5,10134.5,10909,10092.5,11063.5,11183,10766,11189.5,11201,11333.5,11103.5,13126,13025.5,12838,13085.5,13130,14961
356,10179,10224,10179,11041.5,10238.5,10992,11392,10810.5,11136.5,11361.5,11495,11037,13052.5,13033,12953.5,13355.5,13299.5,15145
357,10199.5,10508.5,10199.5,11040,10433.5,11071.5,11435,10864,11272.5,11501,11641,11259,13285,13016,13137,13212.5,13174,15234
358,10219.5,10427,10219.5,11261.5,10346,11138.5,11484,10867,11071.5,11639,11698,11258,13401.5,13333,13022.5,13290.5,13464.5,15261
359,10333,10678,10333,11330,10533.5,11223,11533.5,10928.5,11270.5,11603.5,11700.5,11176,13234,13351.5,13198.5,13267,13320,15351.5
360,10276.5,10513,10276.5,11304,10344,11158.5,11733.5,11107.5,11245,11544,11772,11297.5,13263.5,13363.5,13356.5,14376.5,14474.5,15440.5
361,10451,10755,10451,11359,10525.5,11050,11855.5,10949.5,11443,11816,11538,11306,13385,13373.5,13267,13673.5,13481,15428
362,10369,10484.5,10369,11283.5,10451.5,11063.5,11749.5,11128,11449,11824,11712.5,11358,13276,13380.5,13162.5,13387.5,13383,15228
363,10441.5,10684,10441.5,11270,10404.5,11243,11649.5,11000,11266,11598,11765.5,11471,13317,13208,13098.5,13377.5,13295.5,15368.5
364,10432,10649.5,10432,11313.5,10385,11196.5,11772.5,11223,11282,11802.5,11623.5,11211.5,13263.5,13099.5,12991,13324,13531.5,15216
365,10394.5,10442,10394.5,11338.5,10438,11047.5,11689,10931,11372,11689,11645.5,11302.5,13353,13189,13141.5,13144.5,13311.5,15348
366,10352,10527,10352,11283,10395,11191.5,11654,10984.5,11280.5,11586.5,11508,11270.5,13198.5,13299,13098,13268,13456.5,15407
367,10253.5,10561,10253.5,11282,10375.5,11097,11742.5,10820.5,11302.5,11505.5,11590,11385,13016,13080,12951,13143,13297.5,15135
368,10267.5,10466.5,10267.5,11082.5,10197.5,10993,11649,10841.5,11172,11684,11693,11236,12948,13011,12919,12962,13243,15034
369,10153,10543,10153,11221,10238,10887,11420,10728,11037.5,11325.5,11444.5,11074,12985,12955.5,12884,13194.5,13316.5,15180
370,10083,10430,10083,11100,10180.5,11103,11446.5,10663.5,10929,11315,11347,11056.5,12783.5,12925,12751.5,12877,13129.5,14845
371,9986.5,10410,9986.5,10989.5,10347.5,10612,11175,10621.5,10975,11139,11322.5,11143.5,12704,12586,12583.5,12825.5,13022,14689
372,10050.5,10231,10050.5,10895,10163.5,10611.5,11062.5,10613.5,10637.5,11114,11141,10819,12596,12536,12469,12715,12965.5,14535
373,9933.5,10080,9933.5,10739.5,10036.5,10450,10937.5,10531,10587.5,11203,11123,10781,12436,12600,12469,12617,12710.5,14370
374,9658,10184,9658,10654,9793.5,10354,10934.5,10387.5,10641,10998,10872,10618.5,12221.5,12343,12494,12534.5,12667,14348
375,9786.5,10019.5,9786.5,10696.5,9800.5,10210,10681,10135.5,10301,10790,10892.5,10578,12094,12090,12230,12441,12562.5,14070
376,9502.5,9746.5,9502.5,10459,9543,10235.5,10679,10070,10231.5,10582,10576.5,10468.5,11848,12071,12102.5,12216,12245,13899.5
377,9473.5,9669.5,9473.5,10202,9404.5,10020.5,10411.5,9914,10188,10694,10501.5,10310,11937,11729.5,11913.5,11889.5,11983,13798
378,9331.5,9472,9331.5,10354,9239.5,10011,10390.5,9887.5,9888.5,10380,10344.5,10009.5,11742.5,11605,11808.5,11905.5,12082,13417
379,9230.5,9393.5,9230.5,10076,9146.5,9776.5,10300,9450,10009,10204,10252,10091,11379,11552,11525.5,11571.5,11894.5,13458
380,8933.5,9346.5,8933.5,9879.5,9044,9736.5,10004,9548,9619.5,10047,10117,10048.5,11215.5,11280.5,11444,11471.5,11469,13109.5
381,8942,9255.5,8942,9704,8923,9377,9931,9294,9709,9925,9777.5,9740.5,11167,11181.5,11140.5,11235,11445,12935.5
382,8750,8994.5,8750,9586,8884.5,9454.5,9844.5,9301.5,9486,9718,9788,9620,10865,10870,11029,11162,11345,12767.5
383,8657.5,8895.5,8657.5,9506.5,8622,9183.5,9791,8995,9312.5,9604,9486.5,9314,10679.5,10713,10882.5,11050.5,11196.5,12445
384,8578,8827.5,8578,9269.5,8679.5,8992,9423.5,8813,9138,9429,9376.5,9168.5,10486,10587,10757,10761,10938.5,12203.5
385,8452,8511.5,8452,9216.5,8570,8914,9506.5,8822,9103.5,9166,9162,9124.5,10328,10500,10343,10439.5,10907.5,11937
386,8231,8375.5,8231,9011.5,8394.5,8755.5,9147,8382.5,9042,9180,9029,9038,10115,10354,10178,10358,10642,11826.5
387,8075,8111,8075,8869.5,8329,8818.5,9177.5,8565.5,8780.5,8885.5,8868.5,8979,9759,10040,10191,10332,10453,11522.5
388,7953.5,8179,7953.5,8815,8081,8550.5,8970.5,8272.5,8574,8858.5,8904.5,8665.5,9818.5,9761.5,10016.5,10061.5,10153,11376
389,7919,7973,7919,8559,7988,8420,8715,8198.5,8448,8579,8583.5,8526,9627.5,9779.5,9824,9914.5,10032,11271.5
390,7461.5,7825,7461.5,8443.5,7819,8326.5,8604,7999.5,8376,8608.5,8446.5,8445,9421.5,9528.5,9523.5,9790,9992.5,11045
391,7541.5,7726.5,7541.5,8185.5,7630,8039.5,8633,7813,8262.5,8404.5,8463,8228.5,9315.5,9451,9614.5,9447.5,9873,10880
392,7398.5,7610.5,7398.5,8056,7498.5,7840,8381.5,7736.5,8233,8181.5,8183.5,7976,9096.5,9231.5,9233.5,9447.5,9764,10716.5
393,7342.5,7217,7342.5,7885,7411,7755.5,8133.5,7568.5,7989,8114,8004.5,7956.5,8781.5,9100.5,8852.5,9126,9541.5,10405
394,7087.5,7033,7087.5,7695.5,7154,7557.5,7905.5,7242,7575,7913.5,7820.5,7707,8488,8757.5,8759.5,8956,9105.5,10117.5
395,6931.5,6910.5,6931.5,7565.5,7045,7473,7759.5,7206.5,7565.5,7752.5,7636.5,7593,8346,8525,8506.5,8752,8945.5,9830
396,6679,6793.5,6679,7247.5,6846.5,7251,7626,6930,7404.5,7375.5,7346,7103.5,8196.5,8336,8338,8484.5,8649,9664
397,6555,6523.5,6555,7081,6544.5,6998,7534,6806.5,7132.5,7127.5,7140.5,7063.5,7923.5,8016.5,8065.5,8291,8528.5,9457
398,6424.5,6368,6424.5,6839.5,6357.5,6595.5,7126.5,6632.5,7039,6858,6962.5,6824,7591.5,7669,7866.5,7824.5,8209.5,9079.5
399,6114,6097,6114,6649,6234,6526,6831.5,6255,6723.5,6739,6767,6616.5,7426,7440.5,7679,7656,7918,8783.5
400,5812.5,5864,5812.5,6422,6045.5,6329,6609,6140.5,6479.5,6415,6469,6512,6986.5,7352.5,7203.5,7332,7628,8510
401,5590,5726.5,5590,6308,5827,6128.5,6435,5927.5,6301,6358.5,6289,6261.5,6845.5,6956.5,7040.5,7056,7375.5,8005.5
402,5563,5343,5563,6006,5615,5994.5,6350.5,5692,6092,6125.5,6030.5,6008.5,6627.5,6752.5,6946.5,6977,7182.5,7934.5
403,5268.5,5204.5,5268.5,5844,5423.5,5781,6147,5514.5,5974.5,5826,5939.5,5761,6341,6544,6590,6614,6966,7475
404,5186.5,4990.5,5186.5,5671,5177.5,5567.5,5978.5,5140,5740.5,5713.5,5588,5637,6213.5,6336,6233,6260.5,6669.5,7416.5
405,5046.5,4790,5046.5,5442.5,5030,5230,5709,5113.5,5468,5440,5417.5,5474,5901,6199.5,6112.5,6098,6565.5,7224.5
406,4928,4754,4928,5249.5,4995.5,5115,5591.5,4793,5341.5,5283.5,5185,5137,5598,5832.5,5809,6031,6190.5,6795.5
407,4536.5,4415,4536.5,5053,4719.5,5066,5425,4772,5155,5126.5,5121,5043,5469.5,5685.5,5660,5664.5,6024.5,6557.5
408,4439,4369.5,4439,4822.5,4613,4826.5,5074.5,4479.5,5049,4932.5,4881,4833.5,5392,5331.5,5370,5569,5866.5,6437
409,4432.5,4198.5,4432.5,4695,4296.5,4802.5,4937,4396,4828,4824,4878.5,4684,5127.5,5294,5192.5,5349.5,5595.5,6228
410,4118.5,3960.5,4118.5,4415.5,4234,4453.5,4817,4230,4696,4657,4635,4570,4800,5066.5,5183.5,5080.5,5510,6042.5
411,4010.5,3742.5,4010.5,4408.5,4176,4373.5,4812,4141,4539.5,4456,4418.5,4409,4677,5030,4948.5,4865.5,5302.5,5776
412,3875.5,3576,3875.5,4150,4051,4116,4596.5,3945.5,4423,4328,4229.5,4244,4637,4693.5,4616.5,4845.5,5093.5,5524
413,3714.5,3545.5,3714.5,3996,3857,4088,4529.5,3728,4133,4124,4065,4147,4346,4606,4380.5,4470.5,4870.5,5318.5
414,3589,3405,3589,3967.5,3690,3881,4275,3626,4175.5,3946.5,4071.5,3934,4276,4361.5,4508.5,4414.5,4773,5179
415,3395.5,3283,3395.5,3924.5,3570.5,3747,4146.5,3490.5,3969.5,3741.5,3977,3862,4067.5,4340,4235,4229,4546,4956
416,3359.5,3185,3359.5,3668,3410,3613.5,3935,3489.5,3795.5,3747.5,3762,3612.5,3933,4092,4160,4010.5,4406.5,4815
417,3287.5,2964.5,3287.5,3502,3270.5,3591.5,3762.5,3193.5,3629,3510,3674.5,3642,3746.5,4026,3805.5,3779,4271.5,4637.5
418,3154.5,2849,3154.5,3319.5,3172,3508.5,3776,3225.5,3490.5,3346,3491,3348.5,3673,3826.5,3830,3784.5,4236,4524.5
419,2969,2775,2969,3212,3185.5,3248,3704.5,2981.5,3472.5,3391.5,3299.5,3226,3566,3623,3673,3604.5,3983.5,4327
420,2903.5,2606.5,2903.5,3168,3016.5,3160.5,3488,2979.5,3382.5,3206.5,3215,3204.5,3376,3459.5,3547.5,3515.5,3985,4115.5
421,2781.5,2462.5,2781.5,3062,2836.5,3011.5,3450.5,2883,3142.5,3069.5,3174,2976.5,3123,3401.5,3447,3392,3743.5,4047.5
422,2546.5,2349.5,2546.5,2881.5,2787,3003.5,3343,2647,3076,2974,3018.5,2935,3055.5,3357.5,3386.5,3208,3700.5,3928
423,2599.5,2406.5,2599.5,2757.5,2715,2918,3132.5,2685.5,3044,2792.5,2918.5,2916.5,2989.5,3154,3032,3245.5,3399.5,3625.5
424,2522,2228,2522,2788,2706,2755.5,3229,2528,2955,2696.5,2744.5,2783.5,2931,3137,3040.5,3065,3341,3456.5
425,2374.5,2203.5,2374.5,2572,2413.5,2650.5,2998.5,2467.5,2823.5,2751.5,2652.5,2652,2720,3019,2923.5,2900.5,3291,3470.5
426,2254.5,2045.5,2254.5,2552.5,2482,2437.5,2858.5,2305,2735,2561.5,2557.5,2543,2652,2874.5,2875.5,2842,3232,3359.5
427,2350.5,1942.5,2350.5,2525,2410,2488.5,2775,2200.5,2748.5,2413.5,2569,2432,2542.5,2628,2769.5,2661.5,3057,3139.5
428,2260.5,1873.5,2260.5,2391,2355.5,2454,2770,2215,2661,2419.5,2440.5,2377,2430.5,2721,2671.5,2538,3008.5,3273
429,2138,1832.5,2138,2241.5,2153.5,2329.5,2628,2005.5,2423.5,2339,2341.5,2272.5,2367.5,2590,2564.5,2401.5,2881.5,2990
430,2103,1752,2103,2243,2158,2367.5,2546.5,1975.5,2404,2309.5,2226.5,2237,2305,2543.5,2347,2369.5,2752.5,2842
431,1960,1581.5,1960,2190,2044.5,2158.5,2514.5,1906,2385,2104,2211,2239,2181.5,2368.5,2318.5,2332.5,2905.5,2666
432,1865.5,1555.5,1865.5,1989,2056.5,2139,2415.5,1842,2204,2088,2064.5,2082,2073,2274,2311,2229.5,2570.5,2751
433,1724,1525,1724,1942.5,1963.5,2060.5,2384.5,1825.5,2145.5,2014.5,2007.5,1991,1967,2306.5,2166.5,2224.5,2550,2628.5
434,1738.5,1441,1738.5,1901.5,1815.5,1950,2354,1776.5,2102.5,1920,1881,1899,2027,2223,1994.5,2125,2492.5,2642.5
435,1629,1362,1629,1814,1804,1956,2130.5,1625,2158.5,1949.5,1866,1909,1857,2131.5,2022,2022,2430.5,2368
436,1606,1295.5,1606,1721.5,1732.5,1942.5,2217,1632.5,1933.5,1682,1872,1779,1820.5,2015.5,1913,1881.5,2322.5,2449
437,1583.5,1273.5,1583.5,1631,1662.5,1719.5,2084,1461.5,1951.5,1700.5,1736.5,1798,1767,2002.5,1858,1796,2251.5,2347
438,1548.5,1194,1548.5,1669,1622.5,1763.5,2125.5,1535.5,1868,1682,1785.5,1772.5,1716.5,1838,1773,1809,2167,2272.5
439,1580,1115.5,1580,1514,1614.5,1695.5,1953,1391,1787,1617,1629.5,1614.5,1606.5,1870,1688,1761,2086,2156.5
440,1445,1013,1445,1467.5,1514.5,1616,1876,1397.5,1780,1496.5,1608.5,1587.5,1554.5,1759.5,1556,1709,2138,2146
441,1350.5,1033.5,1350.5,1452.5,1449.5,1607,1875.5,1267,1720.5,1536.5,1470.5,1493,1448,1669,1506.5,1552.5,1979,2035
442,1284,1025.5,1284,1439,1464,1563,1820,1276,1638,1437.5,1482,1486,1478.5,1715.5,1597.5,1571,1899,1998
443,1252,1015,1252,1276,1361,1437,1788.5,1162,1588,1424,1403.5,1533,1402,1558.5,1446,1478.5,1824,1778
444,1259.5,893,1259.5,1254,1339,1383.5,1640.5,1159,1530,1450,1373,1371.5,1385.5,1492.5,1428,1431.5,1756,1815.5
445,1162,887.5,1162,1280,1298.5,1365,1612.5,1082,1521.5,1317.5,1372,1312,1352,1465,1323.5,1339,1769.5,1648.5
446,1106.5,857.5,1106.5,1311.5,1199.5,1302.5,1645.5,1053.5,1477.5,1298.5,1227.5,1290,1191.5,1376.5,1248.5,1269,1661,1644
447,1099.5,785.5,1099.5,1222.5,1182.5,1274,1552.5,1084,1462,1262,1272.5,1244.5,1287,1367,1243.5,1253,1643.5,1623.5
448,1029.5,680,1029.5,1149.5,1156,1289,1514.5,990.5,1402,1179,1215.5,1162,1120.5,1240,1198,1201.5,1610,1650.5
449,1011,721,1011,1067,1146,1232,1541,906,1335.5,1109.5,1167.5,1134.5,1071.5,1274.5,1133.5,1148,1570,1545.5
450,1005.5,688.5,1005.5,1037,1055.5,1078.5,1393,937.5,1258.5,1063.5,1101,1085.5,1080,1230.5,1058,1029,1509,1488.5
451,927,545.5,927,1065.5,1046,1113.5,1372,922.5,1214,1097,1094.5,1127.5,1050,1156,1035.5,1068.5,1414,1419.5
452,871.5,570,871.5,1007,1029.5,1101.5,1407,862.5,1234,1016.5,1075,1015.5,1030,1092,950.5,970,1410,1346.5
453,869,599.5,869,1004,952.5,1043,1319.5,769,1120,954.5,981,983.5,875.5,1089,928.5,1009,1364,1342.5
454,896,410.5,896,862.5,955,937.5,1148,828,1062.5,950,955.5,969.5,962,1135,932.5,966.5,1322.5,1334.5
455,798.5,440,798.5,848,886.5,967.5,1279,744,1104.5,912,859.5,866.5,912.5,999.5,822.5,854.5,1251,1263
456,808.5,463,808.5,802.5,921.5,930.5,1181.5,674,1069.5,852.5,897.5,864.5,821.5,967.5,785.5,851.5,1194,1166.5
457,784,412,784,769,849,918.5,1172.5,676,1041,847.5,871,832.5,777.5,858,819,862.5,1185,1110
458,764.5,436.5,764.5,759,792,893.5,1100.5,661,1035.5,798,802,853.5,768.5,917.5,767.5,775.5,1241.5,1070
459,632.5,454.5,632.5,777,772.5,849,1067,693,916.5,863,812,814,742,849,675,746,1147,1086
460,653,341.5,653,813.5,797,801.5,1003.5,654.5,981.5,743,813,685.5,728.5,838.5,701.5,751.5,1095.5,1069
461,626,319.5,626,685,783,787,1025.5,556.5,935,755,727,750.5,671.5,778.5,704.5,634.5,1058,998.5
462,659.5,341,659.5,704.5,687.5,782.5,935,540,845.5,682.5,639.5,711.5,705.5,717,603.5,663,983,950
463,549,260,549,586,682.5,684.5,1021.5,546.5,818,603.5,691.5,663,591.5,700,657,611.5,1070.5,903
464,542,278,542,581.5,667,710.5,876.5,463.5,861.5,678.5,620,654.5,527.5,690.5,549.5,575.5,926.5,883
465,593,253.5,593,602.5,617,680.5,849.5,507,820,603,661,613,573,693,561.5,594,944,843.5
466,550,258.5,550,550,621.5,629,891,438,765,510.5,614,644.5,532.5,657.5,460,483.5,812,783.5
467,502,193.5,502,522.5,575,616,849.5,449,719.5,484,542,528,503,620.5,537,482,928.5,777
468,498.5,154.5,498.5,502.5,561.5,576.5,821.5,403,706,503.5,518,561,495.5,593.5,504,432.5,838,848
469,445.5,131.5,445.5,454.5,509.5,533,735.5,380,682,481.5,552.5,538.5,419,547,413,472,796,733.5
470,411,156,411,470,499.5,522.5,751.5,360.5,692,569,518,510,396.5,498,411,521,797,698
471,403.5,194,403.5,477,530.5,517.5,665,356,673,463.5,462.5,509,420.5,547.5,377,460,726,703.5
472,408,162.5,408,405.5,496.5,523.5,700,299,693,489.5,487.5,457,395,481.5,320.5,459,733,691
473,405.5,58,405.5,416,494.5,499.5,707.5,288,654.5,425,447.5,434,385.5,505,392.5,424,730.5,577
474,386,133,386,420,421.5,473.5,615,270,593.5,415,479.5,452.5,403,470.5,327,411,633,600
475,327,35.5,327,312.5,451.5,461,710,277,547.5,388.5,374,470.5,352.5,446.5,354,351.5,599.5,565.5
476,392,120.5,392,351,469,505.5,662,292,574.5,339,299,424,335,484.5,323.5,299,670.5,548
477,355.5,32.5,355.5,323.5,395,387,601,302,533.5,336.5,363,372,318,396.5,251,342.5,628,550.5
478,333,71,333,306.5,443.5,369.5,583,256.5,512.5,274,339.5,372.5,302.5,380.5,279.5,315,604.5,572
479,337,61,337,319.5,404,396.5,619.5,233.5,524,346.5,404,342,320,398,235.5,296.5,627.5,528.5
480,320,75.5,320,281.5,365.5,394,585,237,481.5,333,342,350.5,301.5,380,249,310.5,607,429
481,263.5,117,263.5,284.5,356.5,403.5,503,181.5,506.5,311.5,366.5,319,239,368.5,221,285.5,575.5,475
482,284.5,26.5,284.5,261.5,380.5,359,550,184,462.5,310,352.5,372.5,269,381,225,295.5,553.5,524.5
483,265,27,265,247,353,367,558.5,186.5,464.5,287,354.5,321.5,255,343.5,229,225,549.5,445.5
484,297,49,297,268,323,368.5,510,209.5,421.5,234.5,329.5,314.5,197.5,352.5,264.5,245,517.5,480
485,248.5,45.5,248.5,252,301.5,350.5,512.5,213,442,254,274,306.5,274,315.5,192,161.5,517,432.5
486,223.5,19.5,223.5,270,267,352.5,514,159.5,455.5,263.5,302.5,305,195.5,332.5,169.5,228,479.5,477.5
487,235.5,2,235.5,220,277.5,265.5,491,169,413,251,260.5,339,215,324,142,199.5,533.5,415
488,261,28.5,261,237,329.5,306,439.5,114.5,422.5,267,276.5,315,210.5,323,137.5,171,465,392
489,217,-2,217,209,290,302,460,142,412.5,207,251,260,200.5,349,144.5,157,512.5,381.5
490,188.5,11,188.5,245.5,236,323.5,410,159,397.5,253,250.5,279.5,192.5,265,187,225.5,453.5,369
491,207,-11.5,207,251,268,326,450,144.5,395.5,206,241.5,247.5,196,284,159,207.5,467,397
492,236,-12.5,236,160.5,247,239.5,462.5,60,392,233.5,255,204.5,200.5,253.5,153.5,154.5,512,360
493,243,-6,243,178.5,238,306.5,393.5,129.5,396.5,207,288.5,221.5,161,259.5,126,165.5,458.5,370
494,228.5,-7.5,228.5,152.5,272.5,333,386.5,86.5,401.5,171.5,242,235.5,158.5,254,135,251,444,380
495,196.5,-36,196.5,168,260,270,433,54,382.5,188,240.5,191,138,218,144.5,148.5,422,309
496,187.5,-38,187.5,189,265,228,405,133,379.5,143.5,240,221,165,253,120.5,176,382.5,346
497,127.5,-15.5,127.5,193,286.5,271,375.5,134.5,374,198,172,179.5,182,207.5,127,142.5,395.5,316
498,175.5,-41.5,175.5,164.5,256.5,249.5,352.5,65,378.5,144.5,229.5,223.5,154.5,207,88,151,409.5,267
499,170,-60.5,170,161,220.5,260,361,79.5,298,141,200.5,188.5,142.5,185,103.5,111,399.5,360
500,170.5,-60.5,170.5,130,221,202,324,90.5,338.5,158,196.5,191,117.5,202,104,146.5,358.5,263.5
